floor,capacity,teams,occupancy,percent_occupancy
E,97,"[6, 10]",93,95.87628865979381
B,81,"[2, 3]",79,97.53086419753086
C,73,"[1, 11]",71,97.26027397260275
D,54,[4],51,94.44444444444444
A,43,[7],42,97.67441860465115
